# ID	TEXT	A_LABEL	A_NEXT	B_LABEL	B_NEXT
# TEXT: usa \n per andare a capo. EVITA caratteri non-ASCII (emoji, virgolette curve).
CASA	Sei a CASA. Fuori e' tutto stranamente quietoei a CASA. Fuori e' tutto stranamente quietoei a CASA. Fuori e' tutto stranamente quietoei a CASA. Fuori e' tutto stranamente quietoei a CASA. Fuori e' tutto stranamente quietoei a CASA. Fuori e' tutto stranamente quietoei a CASA. Fuori e' tutto stranamente quietoei a CASA. Fuori e' tutto stranamente quietoei a CASA. Fuori e' tutto stranamente quietoei a CASA. Fuori e' tutto stranamente quietoei a CASA. Fuori e' tutto stranamente quietoei a CASA. Fuori e' tutto stranamente quietoei a CASA. Fuori e' tutto stranamente quietoei a CASA. Fuori e' tutto stranamente quietoei a CASA. Fuori e' tutto stranamente quietoei a CASA. Fuori e' tutto stranamente quietoei a CASA. Fuori e' tutto stranamente quietoei a CASA. Fuori e' tutto stranamente quietoei a CASA. Fuori e' tutto stranamente quietoei a CASA. Fuori e' tutto stranamente quietoei a CASA. Fuori e' tutto stranamente quietoei a CASA. Fuori e' tutto stranamente quietoei a CASA. Fuori e' tutto stranamente quietoei a CASA. Fuori e' tutto stranamente quietoei a CASA. Fuori e' tutto stranamente quietoei a CASA. Fuori e' tutto stranamente quietoei a CASA. Fuori e' tutto stranamente quietoei a CASA. Fuori e' tutto stranamente quietoei a CASA. Fuori e' tutto stranamente quietoei a CASA. Fuori e' tutto stranamente quieto.\n\nCosa fai?	Vai in GIARDINO	GIARDINO	Vai sul BALCONE	BALCONE
GIARDINO	Il GIARDINO odora di terra bagnata.\nUn fruscio tra i cespugli ti osserva.\n\nScelta?	Ispeziona i cespugli	CESPUGLI	Rientra in CASA	CASA
BALCONE	Dal BALCONE vedi una finestra al piano di sopra: luce accesa.\nQualcosa si muove dietro la tenda.\n\nScelta?	Sali le SCALE	SCALE	Chiama qualcuno	CHIAMA
CESPUGLI	Scopri un gatto enorme e offeso.\nTi fissa come se avessi sbagliato vita.\n\nScelta?	Accarezza il gatto	FINE_BUONA	Fai finta di niente	CASA
SCALE	Le SCALE scricchiolano.\nA meta', la luce si spegne.\n\nScelta?	Avanza al buio	FINE_CUPA	Torna indietro	CASA
CHIAMA	Nessuna risposta.\nPoi: vibrazione del pager.\nMessaggio: "NON GUARDARE DIETRO DI TE".\n\nScelta?	Guarda dietro di te	FINE_CUPA	Ignora e rientra	CASA
FINE_BUONA	FINE.\nIl gatto decide che sei tollerabile.\n\nVuoi ricominciare?	Ricomincia	__RESET__	Esci	__EXIT__
FINE_CUPA	FINE.\nHai imparato che il buio e' un pessimo consulente.\n\nVuoi ricominciare?	Ricomincia	__RESET__	Esci	__EXIT__
